"Id","Path","Slice Name","Alias(s)","Label","Min","Max","Must Support?","Is Modifier?","Is Summary?","Type(s)","Short","Definition","Comments","Requirements","Default Value","Meaning When Missing","Fixed Value","Pattern","Example","Minimum Value","Maximum Value","Maximum Length","Binding Strength","Binding Description","Binding Value Set","Code","Slicing Discriminator","Slicing Description","Slicing Ordered","Slicing Rules","Base Path","Base Min","Base Max","Condition(s)","Constraint(s)"
"cds-professionnel","cds-professionnel","","","",0,*,"","","","null {[]} {[]}
","Données d’identification pérennes d’une personne physique, qui travaille en tant que professionnel (professionnel enregistré dans RPPS ou ADELI), personnel autorisé ou personnel d’établissement, dans les domaines sanitaire, médico-social et social.","Données d’identification pérennes d’une personne physique, qui travaille en tant que professionnel (professionnel enregistré dans RPPS ou ADELI), personnel autorisé ou personnel d’établissement, dans les domaines sanitaire, médico-social et social.","","","","","","","","","",,,,,"",,,,"Base",0,*,"",""
"cds-professionnel.idPP","cds-professionnel.idPP","","","",0,1,"Y","","","Identifier {[]} {[]}
","Identifiant national de la personne physique:** Pour les professionnels de santé: Numéro RPPS ou ADELI.** Pour les étudiants: Numéro RPPS depuis 2017.** Pour les acteurs non professionnels de santé employés d’une structure : l’identifiant est composé de l’identifiant principal de la structure et de l’identifiant interne attribué par la structure.","Identifiant national de la personne physique:** Pour les professionnels de santé: Numéro RPPS ou ADELI.** Pour les étudiants: Numéro RPPS depuis 2017.** Pour les acteurs non professionnels de santé employés d’une structure : l’identifiant est composé de l’identifiant principal de la structure et de l’identifiant interne attribué par la structure.","","","","","","","","","",,,,,"",,,,"Professionnel.idPP",0,1,"",""
"cds-professionnel.typeIdNatPP","cds-professionnel.typeIdNatPP","","","",0,1,"Y","","","Coding {[]} {[]}
","Type d’identifiant national de la personne physique.","Type d’identifiant national de la personne physique.","","","","","","","","","",,"preferred","","https://mos.esante.gouv.fr/NOS/TRE_G08-TypeIdentifiantPersonne/FHIR/TRE-G08-TypeIdentifiantPersonne?vs","",,,,"Professionnel.typeIdNatPP",0,1,"",""
"cds-professionnel.idNatPS","cds-professionnel.idNatPS","","","",0,1,"","","","Identifier {[]} {[]}
","Identification nationale principale du professionnel initiée pour les besoins du SI-CPS.Cette identification est obtenue par la concaténation du type d'identifiant national de personne (provenant de la nomenclature CodeSystem-TRE-G08-TypeIdentifiantPersonne) et de l'identifiant de la personne physique provenant, selon le type d’identifiant, soit d’un référentiel national, soit d’un référentiel local propre à la structure d’exercice de la personne physique:** 0 + N° ADELI du professionnel    Ex : 0123456789 : identification nationale d’un professionnel identifié par un n° ADELI = 123456789;** 1 + Identifiant cabinet ADELI/identifiant interne du professionnel employé au sein d’un cabinet    Ex : 112345678901/00001 : identification nationale d’un employé dans un cabinet libéral:          - le titulaire du cabinet est un professionnel identifié par un n° ADELI = 123456789          - le cabinet est identifié par un ADELI-rang = 12345678901 (01 = n° de rang du cabinet du même professionnel sur 2 caractères)          - l’identifiant interne de l’employé dans la structure = 00001; ** 3 + N° FINESS/identifiant interne du professionnel employé au sein d’une structure FINESS;** 4 + N° Siren/identifiant interne du professionnel employé au sein d’une structure Siren (NB: pas d'utilisation identifiée de cette construction);** 5 + N° Siret/identifiant interne du professionnel employé au sein d’une structure Siret;** 6 + Identifiant cabinet RPPS/ identifiant interne du professionnel employé au sein d’un cabinet          - le cabinet est identifié par un RPPS-rang à 14 caractères (numéro RPPS du professionnel + rang sur 2 caractères + clé de Luhn);** 8 + N° RPPS du professionnel ou de l’étudiant;    Ex : 810005678901 : identification nationale d’un professionnel ou d’un étudiant identifié par un n° RPPS = 10005678901Le numéro RPPS est un identifiant pérenne, constitué de 11 caractères non significatifs (numéro d’ordre sur 10 caractères + clé de Luhn sur 1 caractère);** 10 + Adresse MSS (adresse MSS d'un professionnel sans identifiant national (assistante sociale, médecin non inscrit, etc.); cet identifiant est utilisé uniquement pour la messagerie sécurisée de santé.Synonyme: PS_IdNat (CI-SIS, appel contextuel pour les applications Web).","Identification nationale principale du professionnel initiée pour les besoins du SI-CPS.Cette identification est obtenue par la concaténation du type d'identifiant national de personne (provenant de la nomenclature CodeSystem-TRE-G08-TypeIdentifiantPersonne) et de l'identifiant de la personne physique provenant, selon le type d’identifiant, soit d’un référentiel national, soit d’un référentiel local propre à la structure d’exercice de la personne physique:** 0 + N° ADELI du professionnel    Ex : 0123456789 : identification nationale d’un professionnel identifié par un n° ADELI = 123456789;** 1 + Identifiant cabinet ADELI/identifiant interne du professionnel employé au sein d’un cabinet    Ex : 112345678901/00001 : identification nationale d’un employé dans un cabinet libéral:          - le titulaire du cabinet est un professionnel identifié par un n° ADELI = 123456789          - le cabinet est identifié par un ADELI-rang = 12345678901 (01 = n° de rang du cabinet du même professionnel sur 2 caractères)          - l’identifiant interne de l’employé dans la structure = 00001; ** 3 + N° FINESS/identifiant interne du professionnel employé au sein d’une structure FINESS;** 4 + N° Siren/identifiant interne du professionnel employé au sein d’une structure Siren (NB: pas d'utilisation identifiée de cette construction);** 5 + N° Siret/identifiant interne du professionnel employé au sein d’une structure Siret;** 6 + Identifiant cabinet RPPS/ identifiant interne du professionnel employé au sein d’un cabinet          - le cabinet est identifié par un RPPS-rang à 14 caractères (numéro RPPS du professionnel + rang sur 2 caractères + clé de Luhn);** 8 + N° RPPS du professionnel ou de l’étudiant;    Ex : 810005678901 : identification nationale d’un professionnel ou d’un étudiant identifié par un n° RPPS = 10005678901Le numéro RPPS est un identifiant pérenne, constitué de 11 caractères non significatifs (numéro d’ordre sur 10 caractères + clé de Luhn sur 1 caractère);** 10 + Adresse MSS (adresse MSS d'un professionnel sans identifiant national (assistante sociale, médecin non inscrit, etc.); cet identifiant est utilisé uniquement pour la messagerie sécurisée de santé.Synonyme: PS_IdNat (CI-SIS, appel contextuel pour les applications Web).","","","","","","","","","",,,,,"",,,,"Professionnel.idNatPS",0,1,"",""
"cds-professionnel.personne","cds-professionnel.personne","","","",0,1,"","","","https://interop.esante.gouv.fr/ig/mos/StructureDefinition/PersonnePhysique {[]} {[]}
","Identité civile du professionnel.","Identité civile du professionnel.","","","","","","","","","",,,,,"",,,,"Professionnel.personne",0,1,"",""
"cds-professionnel.diplomeObtenu","cds-professionnel.diplomeObtenu","","","",0,*,"","","","https://interop.esante.gouv.fr/ig/mos/StructureDefinition/Diplome {[]} {[]}
","Diplôme(s) acquis par le professionnel.","Diplôme(s) acquis par le professionnel.","","","","","","","","","",,,,,"",,,,"Professionnel.diplomeObtenu",0,*,"",""
"cds-professionnel.adresseCorrespondance","cds-professionnel.adresseCorrespondance","","","",0,*,"","","","https://interop.esante.gouv.fr/ig/mos/StructureDefinition/Adresse {[]} {[]}
","Adresse(s) de correspondance permettant de contacter les professionnels:** lorsque les structures ne sont pas identifiées : cas des remplaçants ou des professionnels venant de s’inscrire mais non encore installés;** hors de leurs lieux d’exercice, s’ils le souhaitent.Remarque système RPPS : La première occurrence correspond aux coordonnées de correspondance du RPPS.","Adresse(s) de correspondance permettant de contacter les professionnels:** lorsque les structures ne sont pas identifiées : cas des remplaçants ou des professionnels venant de s’inscrire mais non encore installés;** hors de leurs lieux d’exercice, s’ils le souhaitent.Remarque système RPPS : La première occurrence correspond aux coordonnées de correspondance du RPPS.","","","","","","","","","",,,,,"",,,,"Professionnel.adresseCorrespondance",0,*,"",""
"cds-professionnel.telecommunication","cds-professionnel.telecommunication","","","",0,*,"","","","https://interop.esante.gouv.fr/ig/mos/StructureDefinition/Telecommunication {[]} {[]}
","Adresse(s) de télécommunication du professionnel (numéro de téléphone, adresse email, URL, etc.).","Adresse(s) de télécommunication du professionnel (numéro de téléphone, adresse email, URL, etc.).","","","","","","","","","",,,,,"",,,,"Professionnel.telecommunication",0,*,"",""
"cds-professionnel.boiteLettresMSS","cds-professionnel.boiteLettresMSS","","","",0,*,"","","","https://interop.esante.gouv.fr/ig/mos/StructureDefinition/BoiteLettreMSS {[]} {[]}
","Boîte(s) aux lettres du service de messagerie sécurisée de santé (MSS) rattachée(s) au professionnel.","Boîte(s) aux lettres du service de messagerie sécurisée de santé (MSS) rattachée(s) au professionnel.","","","","","","","","","",,,,,"",,,,"Professionnel.boiteLettresMSS",0,*,"",""
"cds-professionnel.ExerciceProfessionnel","cds-professionnel.ExerciceProfessionnel","","","",0,*,"","","","https://interop.esante.gouv.fr/ig/mos/StructureDefinition/ExerciceProfessionnel {[]} {[]}
","Lien vers la classe ExerciceProfessionnel","Lien vers la classe ExerciceProfessionnel","","","","","","","","","",,,,,"",,,,"Professionnel.ExerciceProfessionnel",0,*,"",""
"cds-professionnel.NoteLiaison","cds-professionnel.NoteLiaison","","","",0,*,"","","","https://interop.esante.gouv.fr/ig/mos/StructureDefinition/NoteLiaison {[]} {[]}
","Lien vers la classe NoteLiaison","Lien vers la classe NoteLiaison","","","","","","","","","",,,,,"",,,,"Professionnel.NoteLiaison",0,*,"",""
"cds-professionnel.Observation","cds-professionnel.Observation","","","",0,*,"","","","https://interop.esante.gouv.fr/ig/mos/StructureDefinition/Observation {[]} {[]}
","Lien vers la classe Observation","Lien vers la classe Observation","","","","","","","","","",,,,,"",,,,"Professionnel.Observation",0,*,"",""
"cds-professionnel.AutorisationExercice","cds-professionnel.AutorisationExercice","","","",0,*,"","","","https://interop.esante.gouv.fr/ig/mos/StructureDefinition/AutorisationExercice {[]} {[]}
","Lien vers la classe AutorisationExercice","Lien vers la classe AutorisationExercice","","","","","","","","","",,,,,"",,,,"Professionnel.AutorisationExercice",0,*,"",""
"cds-professionnel.PersonnePriseCharge","cds-professionnel.PersonnePriseCharge","","","",0,*,"","","","https://interop.esante.gouv.fr/ig/mos/StructureDefinition/PersonnePriseCharge {[]} {[]}
","Lien vers la classe PersonnePriseCharge","Lien vers la classe PersonnePriseCharge","","","","","","","","","",,,,,"",,,,"Professionnel.PersonnePriseCharge",0,*,"",""
"cds-professionnel.Agenda","cds-professionnel.Agenda","","","",0,*,"","","","https://interop.esante.gouv.fr/ig/mos/StructureDefinition/Agenda {[]} {[]}
","Lien vers la classe Agenda","Lien vers la classe Agenda","","","","","","","","","",,,,,"",,,,"Professionnel.Agenda",0,*,"",""
"cds-professionnel.RendezVous","cds-professionnel.RendezVous","","","",0,*,"","","","https://interop.esante.gouv.fr/ig/mos/StructureDefinition/RendezVous {[]} {[]}
","Lien vers la classe RendezVous","Lien vers la classe RendezVous","","","","","","","","","",,,,,"",,,,"Professionnel.RendezVous",0,*,"",""
"cds-professionnel.CDSSituationExercice","cds-professionnel.CDSSituationExercice","","","",1,1,"","","","https://interop.esante.gouv.fr/ig/fhir/cds/StructureDefinition/cds-situation-exercice {[]} {[]}
","Lien vers le concept Situation Exercice","Lien vers le concept Situation Exercice","","","","","","","","","",,,,,"",,,,"cds-professionnel.CDSSituationExercice",1,1,"",""
"cds-professionnel.CDSPersonnePhysique","cds-professionnel.CDSPersonnePhysique","","","",1,1,"","","","https://interop.esante.gouv.fr/ig/fhir/cds/StructureDefinition/cds-personne-physique {[]} {[]}
","Lien vers le concept Personne Physique","Lien vers le concept Personne Physique","","","","","","","","","",,,,,"",,,,"cds-professionnel.CDSPersonnePhysique",1,1,"",""
