Source File	Size	loadResources	load	generateSnapshots	load-configure	scan	loadDepInfo	loadInfo	checkR4R4B	generateNarratives	validate	loadLists	checkConformanceResources	checkConformanceResources2	checkConformanceResources3	generateLogicalMaps	validateExpressions	scanForUsageStats	checkURLsUnique	processProvenanceDetails	translate	generate1	generate2	generateLogicals	makeDependencies	generateExampleZip	generateValidationPack	scanProfilesForR5	scanExamplesForR5
/fsh-generated/resources/ImplementationGuide-ans.fhir.fr.cds.json	12121	-	0	0	0	0	0	0	17	52	0	0	0	0	0	0	0	0	0	0	13	159	408	0	0	0	3	0	1
fsh-generated/resources/Bundle-cds-bundle-transaction-creation-example.json	7220	35	22	0	0	0	0	0	2	780	0	0	0	0	0	0	0	1	0	0	7	38	123	0	0	0	0	0	0
fsh-generated/resources/CapabilityStatement-CDSConsommateur.json	23289	26	0	0	1	0	0	0	4	63	0	0	0	0	0	0	0	0	0	0	8	120	139	0	0	0	2	0	0
fsh-generated/resources/CapabilityStatement-CDSCreateurRestful.json	3949	14	0	0	0	0	0	0	1	10	0	0	0	0	0	0	0	0	0	0	6	51	36	0	0	0	1	0	0
fsh-generated/resources/CapabilityStatement-CDSCreateurTransaction.json	3440	13	0	0	0	0	0	0	0	5	0	0	0	0	0	0	0	0	0	0	7	20	23	0	0	0	1	0	0
fsh-generated/resources/CapabilityStatement-CDSGestionnaire.json	25691	24	0	0	0	0	0	0	4	26	0	0	0	0	0	0	0	0	0	0	8	118	93	0	0	0	2	0	1
fsh-generated/resources/CareTeam-cds-careteam-example.json	1289	11	0	0	0	0	0	0	0	7	0	0	0	0	0	0	0	0	0	0	1	12	31	0	0	0	1	0	0
fsh-generated/resources/Organization-cds-organization-example.json	1362	11	0	0	0	0	0	0	0	2	0	0	0	0	0	0	0	0	0	0	1	10	15	0	0	0	0	0	0
fsh-generated/resources/Patient-cds-patient-example.json	1756	9	0	0	0	0	0	0	0	3	0	0	0	0	0	0	0	0	0	0	0	12	17	0	0	0	0	0	0
fsh-generated/resources/RelatedPerson-cds-relatedperson-example.json	1305	9	0	0	0	0	0	0	1	3	0	0	0	0	0	0	0	0	0	0	1	11	20	0	0	0	0	0	0
fsh-generated/resources/SearchParameter-cds-careteam-end.json	1112	10	0	0	1	0	0	0	0	4	0	0	0	0	0	0	0	0	0	0	6	13	20	0	1	0	0	0	0
fsh-generated/resources/SearchParameter-cds-careteam-managing-organization.json	1095	9	0	0	0	0	0	0	0	3	0	0	0	0	0	0	0	1	0	0	5	13	17	0	0	0	0	0	0
fsh-generated/resources/SearchParameter-cds-careteam-participant-end.json	1171	10	0	0	0	0	0	0	1	2	0	0	0	0	0	0	0	0	0	0	5	12	18	0	0	0	0	0	0
fsh-generated/resources/SearchParameter-cds-careteam-participant-start.json	1183	10	0	0	0	0	0	0	0	2	0	0	0	0	0	0	0	0	0	0	5	11	17	0	0	0	1	0	0
fsh-generated/resources/SearchParameter-cds-careteam-start.json	1128	9	1	0	0	0	0	0	0	3	0	0	0	0	0	0	0	0	0	0	5	12	16	0	0	0	0	0	0
fsh-generated/resources/SearchParameter-cds-patient-birthplace.json	1092	8	0	0	0	0	0	0	0	3	0	0	0	0	0	0	0	0	0	0	5	15	15	0	0	0	0	0	0
fsh-generated/resources/StructureDefinition-cds-bundle-response-recherche.json	7913	8	0	203	0	0	0	0	1	157	0	0	1	0	0	0	0	3	0	0	1	846	2312	0	0	0	20	1	2
fsh-generated/resources/StructureDefinition-cds-bundle-transaction-creation.json	9771	5	0	125	0	0	0	0	0	58	0	0	0	0	0	0	0	2	0	0	2	749	1958	0	0	0	17	0	2
fsh-generated/resources/StructureDefinition-cds-bundle-transaction-maj.json	9721	6	0	92	0	0	0	0	0	54	0	0	1	0	0	0	0	2	0	0	1	766	1726	0	0	0	18	0	2
fsh-generated/resources/StructureDefinition-cds-fr-related-person.json	3380	3	0	23	0	0	0	0	0	25	0	0	0	0	0	0	0	1	0	0	1	241	694	0	0	0	6	0	1
fsh-generated/resources/StructureDefinition-cds-ihe-careteam.json	15552	8	0	22	0	0	0	0	1	34	0	0	0	0	0	0	0	1	0	0	1	300	638	0	0	0	8	0	1
fsh-generated/resources/StructureDefinition-cds-organization.json	4032	5	0	78	0	0	0	0	0	181	0	0	0	0	0	0	0	2	0	0	1	625	2187	0	0	0	16	1	2
fsh-generated/resources/ValueSet-careteam-roles-vs.json	1685	8	0	0	0	0	0	0	0	107	0	0	0	0	0	0	0	0	0	0	7	15	156	0	0	0	1	0	0
/fsh-generated/includes/menu.xml	2582	-	-	-	0	0	0	0	0	0	0	0	0	0	0	0	0	0	0	0	0	0	1	0	0	0	0	0	0
/fsh-generated/includes/fsh-link-references.md	1565	-	-	-	0	0	0	0	0	0	0	0	0	0	0	0	0	0	0	0	0	0	1	0	0	0	0	0	0
/input/data/features.yml	171	-	-	-	0	0	0	0	0	0	0	0	0	0	0	0	0	0	0	0	0	0	0	0	0	0	0	0	0
/input/pagecontent/changes.md	1772	-	-	-	0	0	0	0	0	0	0	0	0	0	0	0	0	0	0	0	0	0	0	0	0	0	0	0	0
/input/pagecontent/specifications_techniques.md	0	-	-	-	0	0	0	0	0	0	0	0	0	0	0	0	0	0	0	0	0	0	1	0	0	0	0	0	0
/input/pagecontent/annexes.md	0	-	-	-	0	0	0	0	0	0	0	0	0	0	0	0	0	0	0	0	0	0	0	0	0	0	0	0	0
/input/pagecontent/index.md	5907	-	-	-	0	0	0	0	0	0	0	0	0	0	0	0	0	0	0	0	0	0	34	0	0	0	0	0	0
/input/pagecontent/translationinfo.md	263	-	-	-	0	0	0	0	0	0	0	0	0	0	0	0	0	0	0	0	0	0	1	0	0	0	0	0	0
/input/pagecontent/autres_ressources.md	0	-	-	-	0	0	0	0	0	0	0	0	0	0	0	0	0	0	0	0	0	0	0	0	0	0	0	0	0
/input/pagecontent/specifications_fonctionnelles.md	59108	-	-	-	0	0	0	0	0	0	0	0	0	0	0	0	0	0	0	0	0	0	9	0	0	0	0	0	0
/input/pagecontent/normes_standards.md	1635	-	-	-	0	0	0	0	0	0	0	0	0	0	0	0	0	0	0	0	0	0	1	0	0	0	0	0	0
/input/pagecontent/downloads.md	1009	-	-	-	0	0	0	0	0	0	0	0	0	0	0	0	0	0	0	0	0	0	0	0	0	0	0	0	0
/input/pagecontent/correspondances_metier.md	23122	-	-	-	0	0	0	0	0	0	0	0	0	0	0	0	0	0	0	0	0	0	2	0	0	0	0	0	0
/input/pagecontent/normes_standards_synthese.md	8462	-	-	-	0	0	0	0	0	0	0	0	0	0	0	0	0	0	0	0	0	0	1	0	0	0	0	0	0
/input/pagecontent/normes_standards_intro.md	2060	-	-	-	0	0	0	0	0	0	0	0	0	0	0	0	0	0	0	0	0	0	0	0	0	0	0	0	0
/input/pagecontent/normes_standards_ig_annexe.md	13624	-	-	-	0	0	0	0	0	0	0	0	0	0	0	0	0	0	0	0	0	0	1	0	0	0	0	0	0
/input/pagecontent/interaction_transaction.md	4293	-	-	-	0	0	0	0	0	0	0	0	0	0	0	0	0	0	0	0	0	0	1	0	0	0	0	0	0
/input/pagecontent/normes_standards_etude.md	34707	-	-	-	0	0	0	0	0	0	0	0	0	0	0	0	0	0	0	0	0	0	2	0	0	0	0	0	0
/input/pagecontent/normes_standards_analyse_conclu.md	3171	-	-	-	0	0	0	0	0	0	0	0	0	0	0	0	0	0	0	0	0	0	1	0	0	0	0	0	0
/input/pagecontent/recherche_recuperation_cds.md	5465	-	-	-	0	0	0	0	0	0	0	0	0	0	0	0	0	0	0	0	0	0	0	0	0	0	0	0	0
/input/pagecontent/interaction_restful.md	4564	-	-	-	0	0	0	0	0	0	0	0	0	0	0	0	0	0	0	0	0	0	1	0	0	0	0	0	0
/template/config	0	-	-	-	0	0	0	0	0	0	0	0	0	0	0	0	0	0	0	0	0	0	0	0	0	0	0	0	0
/template/config/_config.yml	140	-	-	-	0	0	0	0	0	0	0	0	0	0	0	0	0	0	0	0	0	0	0	0	0	0	0	0	0
/input/images	0	-	-	-	0	0	0	0	0	0	0	0	0	0	0	0	0	0	0	0	0	0	0	0	0	0	0	0	0
/input/images/sf_image4.png	15661	-	-	-	0	0	0	0	0	0	0	0	0	0	0	0	0	0	0	0	0	0	1	0	0	0	0	0	0
/input/images/sf_image5.png	16217	-	-	-	0	0	0	0	0	0	0	0	0	0	0	0	0	0	0	0	0	0	0	0	0	0	0	0	0
/input/images/sf_image1.png	42670	-	-	-	0	0	0	0	0	0	0	0	0	0	0	0	0	0	0	0	0	0	1	0	0	0	0	0	0
/input/images/sf_image10.png	105160	-	-	-	0	0	0	0	0	0	0	0	0	0	0	0	0	0	0	0	0	0	0	0	0	0	0	0	0
/input/images/sf_image8.png	11583	-	-	-	0	0	0	0	0	0	0	0	0	0	0	0	0	0	0	0	0	0	1	0	0	0	0	0	0
/input/images/sf_image2.png	7444	-	-	-	0	0	0	0	0	0	0	0	0	0	0	0	0	0	0	0	0	0	0	0	0	0	0	0	0
/input/images/sf_image12.png	22042	-	-	-	0	0	0	0	0	0	0	0	0	0	0	0	0	0	0	0	0	0	0	0	0	0	0	0	0
/input/images/sf_image7.png	13129	-	-	-	0	0	0	0	0	0	0	0	0	0	0	0	0	0	0	0	0	0	0	0	0	0	0	0	0
/input/images/sf_image6.png	11836	-	-	-	0	0	0	0	0	0	0	0	0	0	0	0	0	0	0	0	0	0	1	0	0	0	0	0	0
/input/images/ci-sis-logo.png	61365	-	-	-	0	0	0	0	0	0	0	0	0	0	0	0	0	0	0	0	0	0	0	0	0	0	0	0	0
/input/images/st-gestion-cds.png	58698	-	-	-	0	0	0	0	0	0	0	0	0	0	0	0	0	0	0	0	0	0	0	0	0	0	0	0	0
/input/images/sf_image3.png	15031	-	-	-	0	0	0	0	0	0	0	0	0	0	0	0	0	0	0	0	0	0	1	0	0	0	0	0	0
/input/images/sf_image13.png	250864	-	-	-	0	0	0	0	0	0	0	0	0	0	0	0	0	0	0	0	0	0	0	0	0	0	0	0	0
/input/images/sf_image11.png	26628	-	-	-	0	0	0	0	0	0	0	0	0	0	0	0	0	0	0	0	0	0	1	0	0	0	0	0	0
/input/images/st-crea-maj-acteur.png	15511	-	-	-	0	0	0	0	0	0	0	0	0	0	0	0	0	0	0	0	0	0	0	0	0	0	0	0	0
/temp/pages/_includes/artifacts.xml	15847	-	-	-	-	-	-	-	-	-	-	-	-	-	-	-	-	-	-	-	-	-	1	0	0	0	0	0	0
